epoch;accuracy;f1;loss;val_accuracy;val_f1;val_loss
0;0.44999998807907104;0.4038460850715637;1.407050609588623;0.5;0.0;1.3730950355529785
